config_name,total_time,tokens_per_second,first_token_latency,peak_memory_mb,memory_increase_mb
Baseline (no cache),41.60029482841492,24.03829117376721,2.58597731590271,25722.81298828125,17.78125
With KV-cache,18.3210666179657,54.58197499371553,0.9118247032165527,25763.7705078125,50.61376953125
INT8 + KV-cache,110.6342031955719,9.038796060493747,5.644838571548462,1296.833984375,452.17431640625
INT4 + KV-cache,37.31585907936096,26.235494080892682,1.8726317882537842,627.65185546875,259.4365234375
INT8 + No KV-cache,139.37324333190918,7.174978325061711,6.587008953094482,1290.10986328125,51.08544921875
INT4 + No KV-cache,103.72881007194519,9.640523199932696,5.033276081085205,630.4755859375,262.26025390625
