config_name,total_time,tokens_per_second,peak_memory_mb,memory_increase_mb
Baseline (no cache),2.813840627670288,177.6930772422508,524.2177734375,36.7490234375
With KV-cache,2.5066494941711426,199.46945161765896,504.27001953125,8.05126953125
INT8 + KV-cache,11.3688223361969,43.97992907392553,187.8369140625,179.0869140625
INT4 + KV-cache,4.8267316818237305,103.5897648677832,156.2265625,13.9033203125
INT8 + No KV-cache,14.75503134727478,33.88674603475843,193.3525390625,8.861328125
INT4 + No KV-cache,6.117186546325684,81.73692206596631,158.25439453125,14.99365234375
