config_name,total_time,tokens_per_second,peak_memory_mb,memory_increase_mb
Baseline (no cache),42.04608464241028,23.783427363206567,25722.81298828125,17.78125
With KV-cache,18.44130301475525,54.22610317719308,25763.7705078125,50.61376953125
INT8 + KV-cache,106.25037574768066,9.411731421776445,1296.833984375,452.17431640625
INT4 + KV-cache,36.600977182388306,27.321674910941475,627.65185546875,259.4365234375
INT8 + No KV-cache,133.6740198135376,7.480885226575095,1290.10986328125,51.08544921875
INT4 + No KV-cache,100.62571620941162,9.709247663557203,630.4755859375,262.26025390625
