config_name,total_time,tokens_per_second,first_token_latency,peak_memory_mb,memory_increase_mb
Baseline (no cache),4.978816032409668,200.85096406263798,0.6806638240814209,524.2177734375,36.7490234375
With KV-cache,4.739380121231079,210.99805764055168,0.23167634010314941,504.27001953125,8.05126953125
INT8 + KV-cache,21.381208658218384,46.770040739283736,1.1302590370178223,187.85107421875,179.10107421875
INT4 + KV-cache,9.25799822807312,108.01471067122156,0.43326234817504883,156.62158203125,14.29833984375
INT8 + No KV-cache,28.031216621398926,35.67451293700195,1.3079907894134521,193.35986328125,8.86865234375
INT4 + No KV-cache,11.549115419387817,86.5867180027721,0.5541303157806396,158.25439453125,14.99365234375
